Workbook

Sheet README
A1: Recovery Center Operations Workbook
A3: Sheet Guide
A5: Data Table 1 | B5: Daily operational sheet with manual inputs and formulas
A6: Data Table 2 | B6: Daily material-wise waste handling breakdown
A7: Data Table 1-1 | B7: Aggregated material categories from Data Table 2 (formula-driven)
A8: Data Table 1-1-2 | B8: Monthly despatch records (sparse, 4 rows/month)
A11: Formula Dependencies
A13: Data Table 1-1 is fully formula-driven from Data Table 2
A14: Data Table 1 accumulation and productivity formulas reference Data Table 1-1
A15: All totals and percentages use Excel formulas, not hardcoded values
A18: Date Range | B18: 2023-01-01 to 2026-06-16

Sheet Data Table 1
A1: Date | B1: Workman Hours | C1: No. absent | D1: Duration of power outages (hrs) | E1: Municipal waste | F1: Other waste | G1: Segregation rate (%) | H1: Moisture (%) | I1: Adjusted for variance | J1: Vehicle trips | K1: Workforce | L1: Total Workman Hours | M1: Total delivered | N1: Absenteeism (%) | O1: Power outage (%) | P1: Total productivity | Q1: Accumulated balance | R1: Productivity | S1: Unit utilization | T1: Percent delivered | U1: Resorting rate | V1: Productivity rate
A2: 44927 | B2: 5.3889433 | C2: 3 | D2: 0.75719833 | E2: 3760.0715 | F2: 1140.3097 | G2: 73.967977 | H2: 19.495503 | I2: 64.839109 | J2: 25 | K2: 25 | L2: 5.3889433 | M2: =E2+F2 -> 4900.3812 | N2: =IFERROR((C2/K2)*100, 0) -> 12 | O2: =IFERROR((D2/8)*100, 0) -> 9.4649792 | P2: =IFERROR('Data Table 1-1'!O2/L2, 0) -> 681.20962 | Q2: =1500+M2-I2-'Data Table 1-1'!O2 -> 2664.5421 | R2: =IFERROR(('Data Table 1-1'!O2-'Data Table 1-1'!M2-'Data Table 1-1'!H2-'Data Table 1-1'!G2-'Data Table 1-1'!F2)/B2, 0) -> 602.53 | S2: =M2/5000 -> 0.98007624 | T2: =M2/5600 -> 0.87506808 | U2: =IFERROR(P2/60, 0) -> 11.353494 | V2: =IFERROR(P2/50, 0) -> 13.624192
A3: 44928 | B3: 7.9876742 | C3: 0 | D3: 0 | E3: 2989.0164 | F3: 834.12124 | G3: 78.735144 | H3: 30.319881 | I3: 17.663529 | J3: 20 | K3: 25 | L3: 7.9876742 | M3: =E3+F3 -> 3823.1377 | N3: =IFERROR((C3/K3)*100, 0) -> 0 | O3: =IFERROR((D3/8)*100, 0) -> 0 | P3: =IFERROR('Data Table 1-1'!O3/L3, 0) -> 435.92163 | Q3: =Q2+M3-I3-'Data Table 1-1'!O3 -> 2988.0163 | R3: =IFERROR(('Data Table 1-1'!O3-'Data Table 1-1'!M3-'Data Table 1-1'!H3-'Data Table 1-1'!G3-'Data Table 1-1'!F3)/B3, 0) -> 383.34062 | S3: =M3/5000 -> 0.76462754 | T3: =M3/5600 -> 0.68270316 | U3: =IFERROR(P3/60, 0) -> 7.2653606 | V3: =IFERROR(P3/50, 0) -> 8.7184327
A4: 44929 | B4: 9.3525511 | C4: 4 | D4: 0.92932905 | E4: 3089.4656 | F4: 1709.8402 | G4: 90.403463 | H4: 44.268717 | I4: -8.6821355 | J4: 22 | K4: 25 | L4: 9.3525511 | M4: =E4+F4 -> 4799.3057 | N4: =IFERROR((C4/K4)*100, 0) -> 16 | O4: =IFERROR((D4/8)*100, 0) -> 11.616613 | P4: =IFERROR('Data Table 1-1'!O4/L4, 0) -> 453.1384 | Q4: =Q3+M4-I4-'Data Table 1-1'!O4 -> 3558.0041 | R4: =IFERROR(('Data Table 1-1'!O4-'Data Table 1-1'!M4-'Data Table 1-1'!H4-'Data Table 1-1'!G4-'Data Table 1-1'!F4)/B4, 0) -> 391.65785 | S4: =M4/5000 -> 0.95986115 | T4: =M4/5600 -> 0.85701888 | U4: =IFERROR(P4/60, 0) -> 7.5523066 | V4: =IFERROR(P4/50, 0) -> 9.062768
A5: 44930 | B5: 9.1417005 | C5: 1 | D5: 0 | E5: 4917.5548 | F5: 752.21201 | G5: 62.228863 | H5: 16.308166 | I5: 134.08456 | J5: 16 | K5: 25 | L5: 9.1417005 | M5: =E5+F5 -> 5669.7668 | N5: =IFERROR((C5/K5)*100, 0) -> 4 | O5: =IFERROR((D5/8)*100, 0) -> 0 | P5: =IFERROR('Data Table 1-1'!O5/L5, 0) -> 315.69619 | Q5: =Q4+M5-I5-'Data Table 1-1'!O5 -> 6207.6864 | R5: =IFERROR(('Data Table 1-1'!O5-'Data Table 1-1'!M5-'Data Table 1-1'!H5-'Data Table 1-1'!G5-'Data Table 1-1'!F5)/B5, 0) -> 274.34721 | S5: =M5/5000 -> 1.1339534 | T5: =M5/5600 -> 1.0124584 | U5: =IFERROR(P5/60, 0) -> 5.2616031 | V5: =IFERROR(P5/50, 0) -> 6.3139238
A6: 44931 | B6: 8.7952622 | C6: 0 | D6: 0 | E6: 4098.547 | F6: 1633.4527 | G6: 78.34118 | H6: 52.505001 | I6: -179.04739 | J6: 13 | K6: 25 | L6: 8.7952622 | M6: =E6+F6 -> 5731.9997 | N6: =IFERROR((C6/K6)*100, 0) -> 0 | O6: =IFERROR((D6/8)*100, 0) -> 0 | P6: =IFERROR('Data Table 1-1'!O6/L6, 0) -> 506.40901 | Q6: =Q5+M6-I6-'Data Table 1-1'!O6 -> 7664.7334 | R6: =IFERROR(('Data Table 1-1'!O6-'Data Table 1-1'!M6-'Data Table 1-1'!H6-'Data Table 1-1'!G6-'Data Table 1-1'!F6)/B6, 0) -> 446.26299 | S6: =M6/5000 -> 1.1463999 | T6: =M6/5600 -> 1.0235714 | U6: =IFERROR(P6/60, 0) -> 8.4401502 | V6: =IFERROR(P6/50, 0) -> 10.12818
A7: 44932 | B7: 7.6873307 | C7: 1 | D7: 0 | E7: 3305.761 | F7: 1104.2648 | G7: 62.433346 | H7: 36.110857 | I7: -27.057537 | J7: 8 | K7: 25 | L7: 7.6873307 | M7: =E7+F7 -> 4410.0258 | N7: =IFERROR((C7/K7)*100, 0) -> 4 | O7: =IFERROR((D7/8)*100, 0) -> 0 | P7: =IFERROR('Data Table 1-1'!O7/L7, 0) -> 519.55616 | Q7: =Q6+M7-I7-'Data Table 1-1'!O7 -> 8107.8167 | R7: =IFERROR(('Data Table 1-1'!O7-'Data Table 1-1'!M7-'Data Table 1-1'!H7-'Data Table 1-1'!G7-'Data Table 1-1'!F7)/B7, 0) -> 443.32684 | S7: =M7/5000 -> 0.88200515 | T7: =M7/5600 -> 0.7875046 | U7: =IFERROR(P7/60, 0) -> 8.6592693 | V7: =IFERROR(P7/50, 0) -> 10.391123
A8: 44933 | B8: 9.2277009 | C8: 1 | D8: 0 | E8: 2698.1569 | F8: 1135.522 | G8: 86.26499 | H8: 41.755606 | I8: 186.76977 | J8: 24 | K8: 25 | L8: 9.2277009 | M8: =E8+F8 -> 3833.6789 | N8: =IFERROR((C8/K8)*100, 0) -> 4 | O8: =IFERROR((D8/8)*100, 0) -> 0 | P8: =IFERROR('Data Table 1-1'!O8/L8, 0) -> 491.12992 | Q8: =Q7+M8-I8-'Data Table 1-1'!O8 -> 7222.7259 | R8: =IFERROR(('Data Table 1-1'!O8-'Data Table 1-1'!M8-'Data Table 1-1'!H8-'Data Table 1-1'!G8-'Data Table 1-1'!F8)/B8, 0) -> 435.21133 | S8: =M8/5000 -> 0.76673578 | T8: =M8/5600 -> 0.68458552 | U8: =IFERROR(P8/60, 0) -> 8.1854987 | V8: =IFERROR(P8/50, 0) -> 9.8225984
A9: 44934 | B9: 10.176768 | C9: 2 | D9: 0 | E9: 3182.5256 | F9: 1682.192 | G9: 74.277055 | H9: 17.661251 | I9: -75.864187 | J9: 22 | K9: 25 | L9: 10.176768 | M9: =E9+F9 -> 4864.7176 | N9: =IFERROR((C9/K9)*100, 0) -> 8 | O9: =IFERROR((D9/8)*100, 0) -> 0 | P9: =IFERROR('Data Table 1-1'!O9/L9, 0) -> 341.07096 | Q9: =Q8+M9-I9-'Data Table 1-1'!O9 -> 8692.3077 | R9: =IFERROR(('Data Table 1-1'!O9-'Data Table 1-1'!M9-'Data Table 1-1'!H9-'Data Table 1-1'!G9-'Data Table 1-1'!F9)/B9, 0) -> 300.19354 | S9: =M9/5000 -> 0.97294352 | T9: =M9/5600 -> 0.86869957 | U9: =IFERROR(P9/60, 0) -> 5.684516 | V9: =IFERROR(P9/50, 0) -> 6.8214192
A10: 44935 | B10: 8.3404628 | C10: 0 | D10: 0 | E10: 2868.8586 | F10: 1342.9143 | G10: 83.831534 | H10: 36.861836 | I10: -48.081213 | J10: 15 | K10: 25 | L10: 8.3404628 | M10: =E10+F10 -> 4211.7729 | N10: =IFERROR((C10/K10)*100, 0) -> 0 | O10: =IFERROR((D10/8)*100, 0) -> 0 | P10: =IFERROR('Data Table 1-1'!O10/L10, 0) -> 524.55123 | Q10: =Q9+M10-I10-'Data Table 1-1'!O10 -> 8577.1618 | R10: =IFERROR(('Data Table 1-1'!O10-'Data Table 1-1'!M10-'Data Table 1-1'!H10-'Data Table 1-1'!G10-'Data Table 1-1'!F10)/B10, 0) -> 464.00303 | S10: =M10/5000 -> 0.84235459 | T10: =M10/5600 -> 0.75210231 | U10: =IFERROR(P10/60, 0) -> 8.7425205 | V10: =IFERROR(P10/50, 0) -> 10.491025
A11: 44936 | B11: 7.986653 | C11: 4 | D11: 0 | E11: 3348.8465 | F11: 811.93798 | G11: 78.930358 | H11: 39.4649 | I11: -140.31663 | J11: 16 | K11: 25 | L11: 7.986653 | M11: =E11+F11 -> 4160.7845 | N11: =IFERROR((C11/K11)*100, 0) -> 16 | O11: =IFERROR((D11/8)*100, 0) -> 0 | P11: =IFERROR('Data Table 1-1'!O11/L11, 0) -> 503.08934 | Q11: =Q10+M11-I11-'Data Table 1-1'!O11 -> 8860.263 | R11: =IFERROR(('Data Table 1-1'!O11-'Data Table 1-1'!M11-'Data Table 1-1'!H11-'Data Table 1-1'!G11-'Data Table 1-1'!F11)/B11, 0) -> 439.85885 | S11: =M11/5000 -> 0.8321569 | T11: =M11/5600 -> 0.74299724 | U11: =IFERROR(P11/60, 0) -> 8.3848223 | V11: =IFERROR(P11/50, 0) -> 10.061787
A12: 44937 | B12: 6.3074189 | C12: 5 | D12: 0 | E12: 3706.6327 | F12: 821.88658 | G12: 73.16393 | H12: 37.898696 | I12: -25.350338 | J12: 17 | K12: 25 | L12: 6.3074189 | M12: =E12+F12 -> 4528.5193 | N12: =IFERROR((C12/K12)*100, 0) -> 20 | O12: =IFERROR((D12/8)*100, 0) -> 0 | P12: =IFERROR('Data Table 1-1'!O12/L12, 0) -> 636.86907 | Q12: =Q11+M12-I12-'Data Table 1-1'!O12 -> 9397.1326 | R12: =IFERROR(('Data Table 1-1'!O12-'Data Table 1-1'!M12-'Data Table 1-1'!H12-'Data Table 1-1'!G12-'Data Table 1-1'!F12)/B12, 0) -> 563.93908 | S12: =M12/5000 -> 0.90570386 | T12: =M12/5600 -> 0.80866416 | U12: =IFERROR(P12/60, 0) -> 10.614485 | V12: =IFERROR(P12/50, 0) -> 12.737381
A13: 44938 | B13: 9.0203975 | C13: 5 | D13: 0 | E13: 3510.9579 | F13: 1303.0245 | G13: 84.118268 | H13: 33.100544 | I13: -33.949235 | J13: 22 | K13: 25 | L13: 9.0203975 | M13: =E13+F13 -> 4813.9824 | N13: =IFERROR((C13/K13)*100, 0) -> 20 | O13: =IFERROR((D13/8)*100, 0) -> 0 | P13: =IFERROR('Data Table 1-1'!O13/L13, 0) -> 397.76518 | Q13: =Q12+M13-I13-'Data Table 1-1'!O13 -> 10657.064 | R13: =IFERROR(('Data Table 1-1'!O13-'Data Table 1-1'!M13-'Data Table 1-1'!H13-'Data Table 1-1'!G13-'Data Table 1-1'!F13)/B13, 0) -> 345.88276 | S13: =M13/5000 -> 0.96279648 | T13: =M13/5600 -> 0.85963972 | U13: =IFERROR(P13/60, 0) -> 6.6294196 | V13: =IFERROR(P13/50, 0) -> 7.9553035
A14: 44939 | B14: 8.7528378 | C14: 3 | D14: 0 | E14: 4224.2136 | F14: 785.14778 | G14: 80.397668 | H14: 21.453326 | I14: -91.85732 | J14: 10 | K14: 25 | L14: 8.7528378 | M14: =E14+F14 -> 5009.3614 | N14: =IFERROR((C14/K14)*100, 0) -> 12 | O14: =IFERROR((D14/8)*100, 0) -> 0 | P14: =IFERROR('Data Table 1-1'!O14/L14, 0) -> 501.55162 | Q14: =Q13+M14-I14-'Data Table 1-1'!O14 -> 11368.283 | R14: =IFERROR(('Data Table 1-1'!O14-'Data Table 1-1'!M14-'Data Table 1-1'!H14-'Data Table 1-1'!G14-'Data Table 1-1'!F14)/B14, 0) -> 433.80217 | S14: =M14/5000 -> 1.0018723 | T14: =M14/5600 -> 0.89452882 | U14: =IFERROR(P14/60, 0) -> 8.3591937 | V14: =IFERROR(P14/50, 0) -> 10.031032
... A1264: 46189 | B1264: 5.9216199 | C1264: 4 | D1264: 0 | E1264: 4084.3732 | F1264: 1371.9626 | G1264: 74.109837 | H1264: 13.854425 | I1264: -23.523325 | J1264: 25 | K1264: 25 | L1264: 5.9216199 | M1264: =E1264+F1264 -> 5456.3357 | N1264: =IFERROR((C1264/K1264)*100, 0) -> 16 | O1264: =IFERROR((D1264/8)*100, 0) -> 0 | P1264: =IFERROR('Data Table 1-1'!O1264/L1264, 0) -> 725.13942 | Q1264: =Q1263+M1264-I1264-'Data Table 1-1'!O1264 -> 1177323.6 | R1264: =IFERROR(('Data Table 1-1'!O1264-'Data Table 1-1'!M1264-'Data Table 1-1'!H1264-'Data Table 1-1'!G1264-'Data Table 1-1'!F1264)/B1264, 0) -> 633.61041 | S1264: =M1264/5000 -> 1.0912671 | T1264: =M1264/5600 -> 0.97434567 | U1264: =IFERROR(P1264/60, 0) -> 12.085657 | V1264: =IFERROR(P1264/50, 0) -> 14.502788

Sheet Data Table 2
A1: Date | B1: LD | C1: Rafia | D1: Straps | E1: Milk | F1: Oil | G1: Assorted Plastics | H1: Other HVP | I1: Low value plastics | J1: Paper | K1: Other paper | L1: Cardboard | M1: Leather and rubber | N1: Recyclable glass | O1: Reusable glass | P1: E waste | Q1: Aluminium | R1: Scrap Metal | S1: Other metals | T1: Compostable Mixed waste | U1: Inert waste | V1: Incinerable Waste SS | W1: Incinerable Waste DS | X1: Others RDF
A2: 44927 | B2: 229 | C2: 90 | D2: 65 | E2: 145 | F2: 78 | G2: 243 | H2: 95 | I2: 442 | J2: 500 | K2: 173 | L2: 372 | M2: 93 | N2: 190 | O2: 106 | P2: 34 | Q2: 30 | R2: 81 | S2: 27 | T2: 254 | U2: 184 | V2: 141 | W2: 35 | X2: 64
A3: 44928 | B3: 150 | C3: 112 | D3: 47 | E3: 134 | F3: 57 | G3: 275 | H3: 103 | I3: 420 | J3: 538 | K3: 126 | L3: 299 | M3: 87 | N3: 155 | O3: 143 | P3: 32 | Q3: 32 | R3: 62 | S3: 32 | T3: 292 | U3: 202 | V3: 88 | W3: 35 | X3: 61
A4: 44929 | B4: 238 | C4: 101 | D4: 81 | E4: 190 | F4: 75 | G4: 478 | H4: 122 | I4: 419 | J4: 394 | K4: 179 | L4: 350 | M4: 109 | N4: 242 | O4: 168 | P4: 34 | Q4: 35 | R4: 81 | S4: 52 | T4: 298 | U4: 341 | V4: 110 | W4: 56 | X4: 85
A5: 44930 | B5: 138 | C5: 83 | D5: 80 | E5: 113 | F5: 64 | G5: 228 | H5: 80 | I5: 339 | J5: 309 | K5: 144 | L5: 279 | M5: 109 | N5: 108 | O5: 128 | P5: 26 | Q5: 23 | R5: 42 | S5: 25 | T5: 261 | U5: 150 | V5: 76 | W5: 33 | X5: 48
A6: 44931 | B6: 239 | C6: 109 | D6: 90 | E6: 192 | F6: 98 | G6: 346 | H6: 99 | I6: 417 | J6: 613 | K6: 202 | L6: 451 | M6: 104 | N6: 208 | O6: 175 | P6: 33 | Q6: 29 | R6: 102 | S6: 43 | T6: 466 | U6: 177 | V6: 117 | W6: 42 | X6: 102
A7: 44932 | B7: 141 | C7: 106 | D7: 91 | E7: 145 | F7: 87 | G7: 344 | H7: 109 | I7: 460 | J7: 432 | K7: 154 | L7: 301 | M7: 136 | N7: 276 | O7: 151 | P7: 38 | Q7: 43 | R7: 71 | S7: 48 | T7: 411 | U7: 220 | V7: 119 | W7: 23 | X7: 88
A8: 44933 | B8: 238 | C8: 132 | D8: 76 | E8: 128 | F8: 74 | G8: 357 | H8: 143 | I8: 533 | J8: 750 | K8: 121 | L8: 534 | M8: 117 | N8: 199 | O8: 152 | P8: 43 | Q8: 27 | R8: 91 | S8: 38 | T8: 295 | U8: 235 | V8: 139 | W8: 48 | X8: 62
A9: 44934 | B9: 166 | C9: 106 | D9: 44 | E9: 138 | F9: 62 | G9: 264 | H9: 96 | I9: 445 | J9: 495 | K9: 137 | L9: 293 | M9: 91 | N9: 149 | O9: 148 | P9: 34 | Q9: 34 | R9: 77 | S9: 26 | T9: 254 | U9: 218 | V9: 104 | W9: 28 | X9: 62
A10: 44935 | B10: 223 | C10: 139 | D10: 89 | E10: 149 | F10: 78 | G10: 415 | H10: 105 | I10: 531 | J10: 675 | K10: 111 | L10: 412 | M10: 108 | N10: 203 | O10: 149 | P10: 44 | Q10: 40 | R10: 70 | S10: 46 | T10: 338 | U10: 232 | V10: 127 | W10: 45 | X10: 46
A11: 44936 | B11: 192 | C11: 114 | D11: 53 | E11: 82 | F11: 89 | G11: 362 | H11: 93 | I11: 441 | J11: 600 | K11: 160 | L11: 416 | M11: 132 | N11: 154 | O11: 178 | P11: 36 | Q11: 35 | R11: 84 | S11: 42 | T11: 245 | U11: 255 | V11: 124 | W11: 41 | X11: 90
A12: 44937 | B12: 210 | C12: 112 | D12: 63 | E12: 164 | F12: 58 | G12: 251 | H12: 112 | I12: 484 | J12: 706 | K12: 137 | L12: 380 | M12: 129 | N12: 148 | O12: 152 | P12: 48 | Q12: 28 | R12: 83 | S12: 39 | T12: 333 | U12: 215 | V12: 71 | W12: 31 | X12: 63
A13: 44938 | B13: 157 | C13: 93 | D13: 57 | E13: 168 | F13: 61 | G13: 319 | H13: 127 | I13: 417 | J13: 361 | K13: 115 | L13: 339 | M13: 128 | N13: 174 | O13: 129 | P13: 40 | Q13: 38 | R13: 85 | S13: 28 | T13: 310 | U13: 251 | V13: 94 | W13: 37 | X13: 60
... A1264: 46189 | B1264: 212 | C1264: 112 | D1264: 62 | E1264: 195 | F1264: 79 | G1264: 368 | H1264: 132 | I1264: 498 | J1264: 651 | K1264: 134 | L1264: 390 | M1264: 107 | N1264: 216 | O1264: 180 | P1264: 41 | Q1264: 42 | R1264: 92 | S1264: 41 | T1264: 349 | U1264: 160 | V1264: 100 | W1264: 39 | X1264: 94

Sheet Data Table 1-1
A1: Date | B1: High value plastics | C1: Low value plastics | D1: Paper | E1: Cardboard | F1: Leather and rubber | G1: Recyclable glass | H1: Reusable glass | I1: Ewaste and metal | J1: Compostable mixed waste | K1: Inert | L1: Incinerable SS | M1: Incinerable DS | N1: RDF | O1: Total waste handled | P1: Plastics | Q1: Paper (incl cardboard) | R1: Other recyclables | S1: Inert and incinerables | T1: Recyclables | U1: Recyclables (%) | V1: Saleable | W1: Unsaleable
A2: ='Data Table 2'!A2 -> 44927 | B2: ='Data Table 2'!B2+'Data Table 2'!C2+'Data Table 2'!D2+'Data Table 2'!E2+'Data Table 2'!F2+'Data Table 2'!G2+'Data Table 2'!H2 -> 945 | C2: ='Data Table 2'!I2 -> 442 | D2: =('Data Table 2'!J2+'Data Table 2'!K2) -> 673 | E2: ='Data Table 2'!L2 -> 372 | F2: ='Data Table 2'!M2 -> 93 | G2: ='Data Table 2'!N2 -> 190 | H2: ='Data Table 2'!O2 -> 106 | I2: ='Data Table 2'!P2+'Data Table 2'!Q2+'Data Table 2'!R2+'Data Table 2'!S2 -> 172 | J2: ='Data Table 2'!T2 -> 254 | K2: ='Data Table 2'!U2 -> 184 | L2: ='Data Table 2'!V2 -> 141 | M2: ='Data Table 2'!W2 -> 35 | N2: ='Data Table 2'!X2 -> 64 | O2: =SUM(B2:N2) -> 3671 | P2: =B2+C2 -> 1387 | Q2: =D2+E2 -> 1045 | R2: =F2+G2+H2+I2 -> 561 | S2: =K2+M2+L2 -> 360 | T2: =P2+Q2+N2+R2 -> 3057 | U2: =IFERROR(T2/O2, 0) -> 0.83274312 | V2: =B2+D2+E2+G2+H2+I2 -> 2458 | W2: =C2+N2 -> 506
A3: ='Data Table 2'!A3 -> 44928 | B3: ='Data Table 2'!B3+'Data Table 2'!C3+'Data Table 2'!D3+'Data Table 2'!E3+'Data Table 2'!F3+'Data Table 2'!G3+'Data Table 2'!H3 -> 878 | C3: ='Data Table 2'!I3 -> 420 | D3: =('Data Table 2'!J3+'Data Table 2'!K3) -> 664 | E3: ='Data Table 2'!L3 -> 299 | F3: ='Data Table 2'!M3 -> 87 | G3: ='Data Table 2'!N3 -> 155 | H3: ='Data Table 2'!O3 -> 143 | I3: ='Data Table 2'!P3+'Data Table 2'!Q3+'Data Table 2'!R3+'Data Table 2'!S3 -> 158 | J3: ='Data Table 2'!T3 -> 292 | K3: ='Data Table 2'!U3 -> 202 | L3: ='Data Table 2'!V3 -> 88 | M3: ='Data Table 2'!W3 -> 35 | N3: ='Data Table 2'!X3 -> 61 | O3: =SUM(B3:N3) -> 3482 | P3: =B3+C3 -> 1298 | Q3: =D3+E3 -> 963 | R3: =F3+G3+H3+I3 -> 543 | S3: =K3+M3+L3 -> 325 | T3: =P3+Q3+N3+R3 -> 2865 | U3: =IFERROR(T3/O3, 0) -> 0.82280299 | V3: =B3+D3+E3+G3+H3+I3 -> 2297 | W3: =C3+N3 -> 481
A4: ='Data Table 2'!A4 -> 44929 | B4: ='Data Table 2'!B4+'Data Table 2'!C4+'Data Table 2'!D4+'Data Table 2'!E4+'Data Table 2'!F4+'Data Table 2'!G4+'Data Table 2'!H4 -> 1285 | C4: ='Data Table 2'!I4 -> 419 | D4: =('Data Table 2'!J4+'Data Table 2'!K4) -> 573 | E4: ='Data Table 2'!L4 -> 350 | F4: ='Data Table 2'!M4 -> 109 | G4: ='Data Table 2'!N4 -> 242 | H4: ='Data Table 2'!O4 -> 168 | I4: ='Data Table 2'!P4+'Data Table 2'!Q4+'Data Table 2'!R4+'Data Table 2'!S4 -> 202 | J4: ='Data Table 2'!T4 -> 298 | K4: ='Data Table 2'!U4 -> 341 | L4: ='Data Table 2'!V4 -> 110 | M4: ='Data Table 2'!W4 -> 56 | N4: ='Data Table 2'!X4 -> 85 | O4: =SUM(B4:N4) -> 4238 | P4: =B4+C4 -> 1704 | Q4: =D4+E4 -> 923 | R4: =F4+G4+H4+I4 -> 721 | S4: =K4+M4+L4 -> 507 | T4: =P4+Q4+N4+R4 -> 3433 | U4: =IFERROR(T4/O4, 0) -> 0.81005191 | V4: =B4+D4+E4+G4+H4+I4 -> 2820 | W4: =C4+N4 -> 504
A5: ='Data Table 2'!A5 -> 44930 | B5: ='Data Table 2'!B5+'Data Table 2'!C5+'Data Table 2'!D5+'Data Table 2'!E5+'Data Table 2'!F5+'Data Table 2'!G5+'Data Table 2'!H5 -> 786 | C5: ='Data Table 2'!I5 -> 339 | D5: =('Data Table 2'!J5+'Data Table 2'!K5) -> 453 | E5: ='Data Table 2'!L5 -> 279 | F5: ='Data Table 2'!M5 -> 109 | G5: ='Data Table 2'!N5 -> 108 | H5: ='Data Table 2'!O5 -> 128 | I5: ='Data Table 2'!P5+'Data Table 2'!Q5+'Data Table 2'!R5+'Data Table 2'!S5 -> 116 | J5: ='Data Table 2'!T5 -> 261 | K5: ='Data Table 2'!U5 -> 150 | L5: ='Data Table 2'!V5 -> 76 | M5: ='Data Table 2'!W5 -> 33 | N5: ='Data Table 2'!X5 -> 48 | O5: =SUM(B5:N5) -> 2886 | P5: =B5+C5 -> 1125 | Q5: =D5+E5 -> 732 | R5: =F5+G5+H5+I5 -> 461 | S5: =K5+M5+L5 -> 259 | T5: =P5+Q5+N5+R5 -> 2366 | U5: =IFERROR(T5/O5, 0) -> 0.81981982 | V5: =B5+D5+E5+G5+H5+I5 -> 1870 | W5: =C5+N5 -> 387
A6: ='Data Table 2'!A6 -> 44931 | B6: ='Data Table 2'!B6+'Data Table 2'!C6+'Data Table 2'!D6+'Data Table 2'!E6+'Data Table 2'!F6+'Data Table 2'!G6+'Data Table 2'!H6 -> 1173 | C6: ='Data Table 2'!I6 -> 417 | D6: =('Data Table 2'!J6+'Data Table 2'!K6) -> 815 | E6: ='Data Table 2'!L6 -> 451 | F6: ='Data Table 2'!M6 -> 104 | G6: ='Data Table 2'!N6 -> 208 | H6: ='Data Table 2'!O6 -> 175 | I6: ='Data Table 2'!P6+'Data Table 2'!Q6+'Data Table 2'!R6+'Data Table 2'!S6 -> 207 | J6: ='Data Table 2'!T6 -> 466 | K6: ='Data Table 2'!U6 -> 177 | L6: ='Data Table 2'!V6 -> 117 | M6: ='Data Table 2'!W6 -> 42 | N6: ='Data Table 2'!X6 -> 102 | O6: =SUM(B6:N6) -> 4454 | P6: =B6+C6 -> 1590 | Q6: =D6+E6 -> 1266 | R6: =F6+G6+H6+I6 -> 694 | S6: =K6+M6+L6 -> 336 | T6: =P6+Q6+N6+R6 -> 3652 | U6: =IFERROR(T6/O6, 0) -> 0.81993714 | V6: =B6+D6+E6+G6+H6+I6 -> 3029 | W6: =C6+N6 -> 519
A7: ='Data Table 2'!A7 -> 44932 | B7: ='Data Table 2'!B7+'Data Table 2'!C7+'Data Table 2'!D7+'Data Table 2'!E7+'Data Table 2'!F7+'Data Table 2'!G7+'Data Table 2'!H7 -> 1023 | C7: ='Data Table 2'!I7 -> 460 | D7: =('Data Table 2'!J7+'Data Table 2'!K7) -> 586 | E7: ='Data Table 2'!L7 -> 301 | F7: ='Data Table 2'!M7 -> 136 | G7: ='Data Table 2'!N7 -> 276 | H7: ='Data Table 2'!O7 -> 151 | I7: ='Data Table 2'!P7+'Data Table 2'!Q7+'Data Table 2'!R7+'Data Table 2'!S7 -> 200 | J7: ='Data Table 2'!T7 -> 411 | K7: ='Data Table 2'!U7 -> 220 | L7: ='Data Table 2'!V7 -> 119 | M7: ='Data Table 2'!W7 -> 23 | N7: ='Data Table 2'!X7 -> 88 | O7: =SUM(B7:N7) -> 3994 | P7: =B7+C7 -> 1483 | Q7: =D7+E7 -> 887 | R7: =F7+G7+H7+I7 -> 763 | S7: =K7+M7+L7 -> 362 | T7: =P7+Q7+N7+R7 -> 3221 | U7: =IFERROR(T7/O7, 0) -> 0.80645969 | V7: =B7+D7+E7+G7+H7+I7 -> 2537 | W7: =C7+N7 -> 548
A8: ='Data Table 2'!A8 -> 44933 | B8: ='Data Table 2'!B8+'Data Table 2'!C8+'Data Table 2'!D8+'Data Table 2'!E8+'Data Table 2'!F8+'Data Table 2'!G8+'Data Table 2'!H8 -> 1148 | C8: ='Data Table 2'!I8 -> 533 | D8: =('Data Table 2'!J8+'Data Table 2'!K8) -> 871 | E8: ='Data Table 2'!L8 -> 534 | F8: ='Data Table 2'!M8 -> 117 | G8: ='Data Table 2'!N8 -> 199 | H8: ='Data Table 2'!O8 -> 152 | I8: ='Data Table 2'!P8+'Data Table 2'!Q8+'Data Table 2'!R8+'Data Table 2'!S8 -> 199 | J8: ='Data Table 2'!T8 -> 295 | K8: ='Data Table 2'!U8 -> 235 | L8: ='Data Table 2'!V8 -> 139 | M8: ='Data Table 2'!W8 -> 48 | N8: ='Data Table 2'!X8 -> 62 | O8: =SUM(B8:N8) -> 4532 | P8: =B8+C8 -> 1681 | Q8: =D8+E8 -> 1405 | R8: =F8+G8+H8+I8 -> 667 | S8: =K8+M8+L8 -> 422 | T8: =P8+Q8+N8+R8 -> 3815 | U8: =IFERROR(T8/O8, 0) -> 0.8417917 | V8: =B8+D8+E8+G8+H8+I8 -> 3103 | W8: =C8+N8 -> 595
A9: ='Data Table 2'!A9 -> 44934 | B9: ='Data Table 2'!B9+'Data Table 2'!C9+'Data Table 2'!D9+'Data Table 2'!E9+'Data Table 2'!F9+'Data Table 2'!G9+'Data Table 2'!H9 -> 876 | C9: ='Data Table 2'!I9 -> 445 | D9: =('Data Table 2'!J9+'Data Table 2'!K9) -> 632 | E9: ='Data Table 2'!L9 -> 293 | F9: ='Data Table 2'!M9 -> 91 | G9: ='Data Table 2'!N9 -> 149 | H9: ='Data Table 2'!O9 -> 148 | I9: ='Data Table 2'!P9+'Data Table 2'!Q9+'Data Table 2'!R9+'Data Table 2'!S9 -> 171 | J9: ='Data Table 2'!T9 -> 254 | K9: ='Data Table 2'!U9 -> 218 | L9: ='Data Table 2'!V9 -> 104 | M9: ='Data Table 2'!W9 -> 28 | N9: ='Data Table 2'!X9 -> 62 | O9: =SUM(B9:N9) -> 3471 | P9: =B9+C9 -> 1321 | Q9: =D9+E9 -> 925 | R9: =F9+G9+H9+I9 -> 559 | S9: =K9+M9+L9 -> 350 | T9: =P9+Q9+N9+R9 -> 2867 | U9: =IFERROR(T9/O9, 0) -> 0.82598675 | V9: =B9+D9+E9+G9+H9+I9 -> 2269 | W9: =C9+N9 -> 507
A10: ='Data Table 2'!A10 -> 44935 | B10: ='Data Table 2'!B10+'Data Table 2'!C10+'Data Table 2'!D10+'Data Table 2'!E10+'Data Table 2'!F10+'Data Table 2'!G10+'Data Table 2'!H10 -> 1198 | C10: ='Data Table 2'!I10 -> 531 | D10: =('Data Table 2'!J10+'Data Table 2'!K10) -> 786 | E10: ='Data Table 2'!L10 -> 412 | F10: ='Data Table 2'!M10 -> 108 | G10: ='Data Table 2'!N10 -> 203 | H10: ='Data Table 2'!O10 -> 149 | I10: ='Data Table 2'!P10+'Data Table 2'!Q10+'Data Table 2'!R10+'Data Table 2'!S10 -> 200 | J10: ='Data Table 2'!T10 -> 338 | K10: ='Data Table 2'!U10 -> 232 | L10: ='Data Table 2'!V10 -> 127 | M10: ='Data Table 2'!W10 -> 45 | N10: ='Data Table 2'!X10 -> 46 | O10: =SUM(B10:N10) -> 4375 | P10: =B10+C10 -> 1729 | Q10: =D10+E10 -> 1198 | R10: =F10+G10+H10+I10 -> 660 | S10: =K10+M10+L10 -> 404 | T10: =P10+Q10+N10+R10 -> 3633 | U10: =IFERROR(T10/O10, 0) -> 0.8304 | V10: =B10+D10+E10+G10+H10+I10 -> 2948 | W10: =C10+N10 -> 577
A11: ='Data Table 2'!A11 -> 44936 | B11: ='Data Table 2'!B11+'Data Table 2'!C11+'Data Table 2'!D11+'Data Table 2'!E11+'Data Table 2'!F11+'Data Table 2'!G11+'Data Table 2'!H11 -> 985 | C11: ='Data Table 2'!I11 -> 441 | D11: =('Data Table 2'!J11+'Data Table 2'!K11) -> 760 | E11: ='Data Table 2'!L11 -> 416 | F11: ='Data Table 2'!M11 -> 132 | G11: ='Data Table 2'!N11 -> 154 | H11: ='Data Table 2'!O11 -> 178 | I11: ='Data Table 2'!P11+'Data Table 2'!Q11+'Data Table 2'!R11+'Data Table 2'!S11 -> 197 | J11: ='Data Table 2'!T11 -> 245 | K11: ='Data Table 2'!U11 -> 255 | L11: ='Data Table 2'!V11 -> 124 | M11: ='Data Table 2'!W11 -> 41 | N11: ='Data Table 2'!X11 -> 90 | O11: =SUM(B11:N11) -> 4018 | P11: =B11+C11 -> 1426 | Q11: =D11+E11 -> 1176 | R11: =F11+G11+H11+I11 -> 661 | S11: =K11+M11+L11 -> 420 | T11: =P11+Q11+N11+R11 -> 3353 | U11: =IFERROR(T11/O11, 0) -> 0.83449477 | V11: =B11+D11+E11+G11+H11+I11 -> 2690 | W11: =C11+N11 -> 531
A12: ='Data Table 2'!A12 -> 44937 | B12: ='Data Table 2'!B12+'Data Table 2'!C12+'Data Table 2'!D12+'Data Table 2'!E12+'Data Table 2'!F12+'Data Table 2'!G12+'Data Table 2'!H12 -> 970 | C12: ='Data Table 2'!I12 -> 484 | D12: =('Data Table 2'!J12+'Data Table 2'!K12) -> 843 | E12: ='Data Table 2'!L12 -> 380 | F12: ='Data Table 2'!M12 -> 129 | G12: ='Data Table 2'!N12 -> 148 | H12: ='Data Table 2'!O12 -> 152 | I12: ='Data Table 2'!P12+'Data Table 2'!Q12+'Data Table 2'!R12+'Data Table 2'!S12 -> 198 | J12: ='Data Table 2'!T12 -> 333 | K12: ='Data Table 2'!U12 -> 215 | L12: ='Data Table 2'!V12 -> 71 | M12: ='Data Table 2'!W12 -> 31 | N12: ='Data Table 2'!X12 -> 63 | O12: =SUM(B12:N12) -> 4017 | P12: =B12+C12 -> 1454 | Q12: =D12+E12 -> 1223 | R12: =F12+G12+H12+I12 -> 627 | S12: =K12+M12+L12 -> 317 | T12: =P12+Q12+N12+R12 -> 3367 | U12: =IFERROR(T12/O12, 0) -> 0.8381877 | V12: =B12+D12+E12+G12+H12+I12 -> 2691 | W12: =C12+N12 -> 547
A13: ='Data Table 2'!A13 -> 44938 | B13: ='Data Table 2'!B13+'Data Table 2'!C13+'Data Table 2'!D13+'Data Table 2'!E13+'Data Table 2'!F13+'Data Table 2'!G13+'Data Table 2'!H13 -> 982 | C13: ='Data Table 2'!I13 -> 417 | D13: =('Data Table 2'!J13+'Data Table 2'!K13) -> 476 | E13: ='Data Table 2'!L13 -> 339 | F13: ='Data Table 2'!M13 -> 128 | G13: ='Data Table 2'!N13 -> 174 | H13: ='Data Table 2'!O13 -> 129 | I13: ='Data Table 2'!P13+'Data Table 2'!Q13+'Data Table 2'!R13+'Data Table 2'!S13 -> 191 | J13: ='Data Table 2'!T13 -> 310 | K13: ='Data Table 2'!U13 -> 251 | L13: ='Data Table 2'!V13 -> 94 | M13: ='Data Table 2'!W13 -> 37 | N13: ='Data Table 2'!X13 -> 60 | O13: =SUM(B13:N13) -> 3588 | P13: =B13+C13 -> 1399 | Q13: =D13+E13 -> 815 | R13: =F13+G13+H13+I13 -> 622 | S13: =K13+M13+L13 -> 382 | T13: =P13+Q13+N13+R13 -> 2896 | U13: =IFERROR(T13/O13, 0) -> 0.80713489 | V13: =B13+D13+E13+G13+H13+I13 -> 2291 | W13: =C13+N13 -> 477
... A1264: ='Data Table 2'!A1264 -> 46189 | B1264: ='Data Table 2'!B1264+'Data Table 2'!C1264+'Data Table 2'!D1264+'Data Table 2'!E1264+'Data Table 2'!F1264+'Data Table 2'!G1264+'Data Table 2'!H1264 -> 1160 | C1264: ='Data Table 2'!I1264 -> 498 | D1264: =('Data Table 2'!J1264+'Data Table 2'!K1264) -> 785 | E1264: ='Data Table 2'!L1264 -> 390 | F1264: ='Data Table 2'!M1264 -> 107 | G1264: ='Data Table 2'!N1264 -> 216 | H1264: ='Data Table 2'!O1264 -> 180 | I1264: ='Data Table 2'!P1264+'Data Table 2'!Q1264+'Data Table 2'!R1264+'Data Table 2'!S1264 -> 216 | J1264: ='Data Table 2'!T1264 -> 349 | K1264: ='Data Table 2'!U1264 -> 160 | L1264: ='Data Table 2'!V1264 -> 100 | M1264: ='Data Table 2'!W1264 -> 39 | N1264: ='Data Table 2'!X1264 -> 94 | O1264: =SUM(B1264:N1264) -> 4294 | P1264: =B1264+C1264 -> 1658 | Q1264: =D1264+E1264 -> 1175 | R1264: =F1264+G1264+H1264+I1264 -> 719 | S1264: =K1264+M1264+L1264 -> 299 | T1264: =P1264+Q1264+N1264+R1264 -> 3646 | U1264: =IFERROR(T1264/O1264, 0) -> 0.84909176 | V1264: =B1264+D1264+E1264+G1264+H1264+I1264 -> 2947 | W1264: =C1264+N1264 -> 592

Sheet Data Table 1-1-2
A1: Date | B1: HVP | C1: LVP | D1: Paper | E1: Cardboard | F1: Leather and rubber | G1: Reusable glass | H1: Recyclable glass | I1: Ewaste and metal | J1: Misc
A2: 44931 | B2: 206 | C2: 184 | D2: 223 | E2: 213 | F2: 12 | G2: 45 | H2: 40 | I2: 54 | J2: 26
A3: 44940 | B3: 279 | C3: 254 | D3: 198 | E3: 197 | F3: 26 | G3: 60 | H3: 77 | I3: 53 | J3: 28
A4: 44946 | B4: 283 | C4: 190 | D4: 225 | E4: 66 | F4: 18 | G4: 77 | H4: 29 | I4: 28 | J4: 30
A5: 44950 | B5: 121 | C5: 283 | D5: 92 | E5: 201 | F5: 50 | G5: 76 | H5: 41 | I5: 33 | J5: 26
A6: 44965 | B6: 233 | C6: 139 | D6: 133 | E6: 131 | F6: 50 | G6: 41 | H6: 57 | I6: 21 | J6: 23
A7: 44970 | B7: 171 | C7: 246 | D7: 68 | E7: 138 | F7: 17 | G7: 66 | H7: 49 | I7: 55 | J7: 13
A8: 44976 | B8: 269 | C8: 260 | D8: 83 | E8: 212 | F8: 32 | G8: 33 | H8: 45 | I8: 32 | J8: 20
A9: 44985 | B9: 89 | C9: 106 | D9: 152 | E9: 220 | F9: 34 | G9: 62 | H9: 31 | I9: 29 | J9: 21
A10: 44993 | B10: 194 | C10: 176 | D10: 64 | E10: 115 | F10: 27 | G10: 75 | H10: 44 | I10: 18 | J10: 13
A11: 44996 | B11: 250 | C11: 235 | D11: 127 | E11: 87 | F11: 33 | G11: 52 | H11: 23 | I11: 53 | J11: 28
A12: 45003 | B12: 76 | C12: 360 | D12: 62 | E12: 140 | F12: 46 | G12: 24 | H12: 24 | I12: 44 | J12: 16
A13: 45009 | B13: 74 | C13: 122 | D13: 130 | E13: 235 | F13: 28 | G13: 25 | H13: 29 | I13: 31 | J13: 19
... A167: 46182 | B167: 52 | C167: 133 | D167: 61 | E167: 187 | F167: 21 | G167: 80 | H167: 27 | I167: 53 | J167: 25
